DROP DATABASE IF EXISTS sales;
create database sales;
use sales;

CREATE TABLE EMP
(EMPNO INT(4) NOT NULL primary key,
ENAME VARCHAR(10),
JOB VARCHAR(9),
MGR INT(4),
HIREDATE DATE,
SAL INT(2),
COMMENTS INT(2),
DEPTNO INT(2));

INSERT INTO EMP VALUES
(7369, 'SMITH', 'CLERK', 7902, '17-DEC-1980', 800, NULL, 20),
(7499, 'ALLEN', 'SALESMAN', 7698, '20-FEB-1981', 1600, 300, 30),
(7521, 'WARD', 'SALESMAN', 7698, '22-FEB-1981', 1250, 500, 30),
(7566, 'JONES', 'MANAGER', 7839, '2-APR-1981', 2975, NULL, 20),
(7654, 'MARTIN', 'SALESMAN', 7698, '28-SEP-1981', 1250, 1400, 30),
(7698, 'BLAKE', 'MANAGER', 7839, '1-MAY-1981', 2850, NULL, 30),
(7782, 'CLARK', 'MANAGER', 7839, '9-JUN-1981', 2450, NULL, 10),
(7788, 'SCOTT', 'ANALYST', 7566, '09-DEC-1982', 3000, NULL, 20),
(7839, 'KING', 'PRESIDENT', NULL, '17-NOV-1981', 5000, NULL, 10),
(7844, 'TURNER', 'SALESMAN', 7698, '8-SEP-1981', 1500, 0, 30),
(7876, 'ADAMS', 'CLERK', 7788, '12-JAN-1983', 1100, NULL, 20),
(7900, 'JAMES', 'CLERK', 7698, '3-DEC-1981', 950, NULL, 30),
(7902, 'FORD', 'ANALYST', 7566, '3-DEC-1981', 3000, NULL, 20),
(7934, 'MILLER', 'CLERK', 7782, '23-JAN-1982', 1300, NULL, 10);


CREATE TABLE DEPT(
DEPTNO INT AUTO_INCREMENT PRIMARY KEY,
DNAME VARCHAR(14),
CITY VARCHAR(13) );


INSERT INTO DEPT VALUES
(10, 'ACCOUNTING', 'NEW YORK'),
(20, 'RESEARCH', 'DALLAS'),
(30, 'SALES', 'CHICAGO'),
(40, 'OPERATIONS', 'BOSTON');

CREATE TABLE SALGRADE
(GRADE INT,
LOSAL INT,
HISAL INT);

INSERT INTO SALGRADE VALUES
(1, 700, 1200),
(2, 1201, 1400),
(3, 1401, 2000),
(4, 2001, 3000),
(5, 3001, 9999);