create database hr;

use hr;

create table DEPT
(
    DEPTNO int(2) auto_increment  primary key,
    DNAME  varchar(14) not null,
    CITY   varchar(13) null
);

INSERT INTO hr.DEPT (DEPTNO, DNAME, CITY) VALUES (10, 'WORK', 'NEW YORK');
INSERT INTO hr.DEPT (DEPTNO, DNAME, CITY) VALUES (20, 'RESEARCH', 'DALLAS');
INSERT INTO hr.DEPT (DEPTNO, DNAME, CITY) VALUES (30, 'SALES', 'CHICAGO');
INSERT INTO hr.DEPT (DEPTNO, DNAME, CITY) VALUES (40, 'OPERATIONS', 'BOSTON');

create table EMP
(
    EMPNO    int(4)      not null
        primary key,
    ENAME    varchar(10) null,
    JOB      varchar(9)  null,
    MGR      int(4)      null,
    HIREDATE date        null,
    SAL      int(4)      null,
    COMM     int(4)      null,
    DEPTNO   int(2)  null
);

INSERT INTO hr.EMP (EMPNO, ENAME, JOB, MGR, HIREDATE, SAL, COMM, DEPTNO) VALUES (7369, 'SMITH', 'CLERK', 7902, '1980-12-17', 920, 138, 20);
INSERT INTO hr.EMP (EMPNO, ENAME, JOB, MGR, HIREDATE, SAL, COMM, DEPTNO) VALUES (7499, 'ALLEN', 'SALESMAN', 7698, '1981-02-20', 1600, 300, 30);
INSERT INTO hr.EMP (EMPNO, ENAME, JOB, MGR, HIREDATE, SAL, COMM, DEPTNO) VALUES (7521, 'WARD', 'SALESMAN', 7698, '1981-02-22', 1250, 500, 30);
INSERT INTO hr.EMP (EMPNO, ENAME, JOB, MGR, HIREDATE, SAL, COMM, DEPTNO) VALUES (7566, 'JONES', 'MANAGER', 7839, '1981-04-02', 3421, 513, 20);
INSERT INTO hr.EMP (EMPNO, ENAME, JOB, MGR, HIREDATE, SAL, COMM, DEPTNO) VALUES (7654, 'MARTIN', 'SALESMAN', 7698, '1981-09-28', 1250, 1400, 30);
INSERT INTO hr.EMP (EMPNO, ENAME, JOB, MGR, HIREDATE, SAL, COMM, DEPTNO) VALUES (7698, 'BLAKE', 'MANAGER', 7839, '1981-05-01', 2850, null, 30);
INSERT INTO hr.EMP (EMPNO, ENAME, JOB, MGR, HIREDATE, SAL, COMM, DEPTNO) VALUES (7782, 'CLARK', 'MANAGER', 7839, '1981-06-09', 2450, null, 10);
INSERT INTO hr.EMP (EMPNO, ENAME, JOB, MGR, HIREDATE, SAL, COMM, DEPTNO) VALUES (7788, 'SCOTT', 'ANALYST', 7566, '1982-12-09', 3450, 518, 20);
INSERT INTO hr.EMP (EMPNO, ENAME, JOB, MGR, HIREDATE, SAL, COMM, DEPTNO) VALUES (7839, 'KING', 'PRESIDENT', null, '1981-11-17', 5000, null, 10);
INSERT INTO hr.EMP (EMPNO, ENAME, JOB, MGR, HIREDATE, SAL, COMM, DEPTNO) VALUES (7844, 'TURNER', 'SALESMAN', 7698, '1981-09-08', 1500, 0, 30);
INSERT INTO hr.EMP (EMPNO, ENAME, JOB, MGR, HIREDATE, SAL, COMM, DEPTNO) VALUES (7876, 'ADAMS', 'CLERK', 7788, '1983-01-12', 1265, 190, 20);
INSERT INTO hr.EMP (EMPNO, ENAME, JOB, MGR, HIREDATE, SAL, COMM, DEPTNO) VALUES (7900, 'JAMES', 'CLERK', 7698, '1981-12-03', 950, null, 30);
INSERT INTO hr.EMP (EMPNO, ENAME, JOB, MGR, HIREDATE, SAL, COMM, DEPTNO) VALUES (7902, 'FORD', 'ANALYST', 7566, '1981-12-03', 3450, 518, 20);
INSERT INTO hr.EMP (EMPNO, ENAME, JOB, MGR, HIREDATE, SAL, COMM, DEPTNO) VALUES (7934, 'MILLER', 'CLERK', 7782, '1982-01-23', 1300, null, 10);

create table SALGRADE
(
    GRADE int null,
    LOSAL int null,
    HISAL int null
);

INSERT INTO hr.SALGRADE (GRADE, LOSAL, HISAL) VALUES (1, 700, 1200);
INSERT INTO hr.SALGRADE (GRADE, LOSAL, HISAL) VALUES (2, 1201, 1400);
INSERT INTO hr.SALGRADE (GRADE, LOSAL, HISAL) VALUES (3, 1401, 2000);
INSERT INTO hr.SALGRADE (GRADE, LOSAL, HISAL) VALUES (4, 2001, 3000);
INSERT INTO hr.SALGRADE (GRADE, LOSAL, HISAL) VALUES (5, 3001, 9999);
INSERT INTO hr.SALGRADE (GRADE, LOSAL, HISAL) VALUES (1, 700, 1200);
INSERT INTO hr.SALGRADE (GRADE, LOSAL, HISAL) VALUES (2, 1201, 1400);
INSERT INTO hr.SALGRADE (GRADE, LOSAL, HISAL) VALUES (3, 1401, 2000);
INSERT INTO hr.SALGRADE (GRADE, LOSAL, HISAL) VALUES (4, 2001, 3000);
INSERT INTO hr.SALGRADE (GRADE, LOSAL, HISAL) VALUES (5, 3001, 9999);